keys,en,ru,uz
game.title,MYSTERY ROOM,MYSTERY ROOM,MYSTERY ROOM
game.subtitle,The Forgotten Institute,Забытый институт,Unutilgan institut
chapter.label,Chapter %d,Глава %d,%d-bob
chapter.ch1.title,The Locked Laboratory,Запертая лаборатория,Qulflangan laboratoriya
chapter.ch1.subtitle,Laboratory 7,Лаборатория 7,7-laboratoriya
chapter.ch2.title,The Missing Scientist,Пропавший учёный,Gʻoyib boʻlgan olim
chapter.ch2.subtitle,The Archive,Архив,Arxiv
chapter.ch3.title,The Underground Facility,Подземный комплекс,Yer osti majmuasi
chapter.ch3.subtitle,Below the Institute,Под институтом,Institut ostida
chapter.ch4.title,The Experiment,Эксперимент,Tajriba
chapter.ch4.subtitle,The Array Hall,Зал Решётки,Panjara zali
ui.continue,Continue,Продолжить,Davom etish
ui.new_game,New Game,Новая игра,Yangi oʻyin
ui.chapters,Chapters,Главы,Boblar
ui.settings,Settings,Настройки,Sozlamalar
ui.credits,Credits,Авторы,Mualliflar
ui.quit,Quit,Выход,Chiqish
ui.quit_confirm,Quit the game? Your progress is saved.,Выйти из игры? Прогресс сохранён.,Oʻyindan chiqasizmi? Natijalar saqlangan.
ui.back,Back,Назад,Orqaga
ui.close,Close,Закрыть,Yopish
ui.resume,Resume,Продолжить,Davom etish
ui.pause,Pause,Пауза,Pauza
ui.main_menu,Main Menu,Главное меню,Bosh menyu
ui.yes,Yes,Да,Ha
ui.no,No,Нет,Yoʻq
ui.confirm,Confirm,Подтвердить,Tasdiqlash
ui.cancel,Cancel,Отмена,Bekor qilish
ui.on,On,Вкл.,Yoniq
ui.off,Off,Выкл.,Oʻchiq
ui.tap_to_continue,Tap to continue,"Нажмите, чтобы продолжить",Davom etish uchun bosing
ui.skip,Skip,Пропустить,Oʻtkazib yuborish
ui.new_game_confirm,Start a new game? Your current progress will be lost.,Начать новую игру? Текущий прогресс будет потерян.,Yangi oʻyin boshlansinmi? Joriy natijalar oʻchib ketadi.
ui.choose_language,Choose your language,Выберите язык,Tilni tanlang
ui.language,Language,Язык,Til
ui.music,Music,Музыка,Musiqa
ui.sfx,Sound effects,Звуковые эффекты,Tovush effektlari
ui.ambience,Ambience,Атмосфера,Muhit tovushlari
ui.text_size,Text size,Размер текста,Matn oʻlchami
ui.haptics,Vibration,Вибрация,Tebranish
ui.reduce_motion,Reduce camera motion,Меньше движения камеры,Kamera harakatini kamaytirish
ui.look_sensitivity,Look sensitivity,Чувствительность обзора,Qarash sezgirligi
ui.reset_settings,Reset settings,Сбросить настройки,Sozlamalarni tiklash
ui.delete_save,Delete progress,Удалить прогресс,Natijalarni oʻchirish
ui.delete_save_confirm,Delete all saved progress? This cannot be undone.,Удалить весь сохранённый прогресс? Это действие необратимо.,Barcha saqlangan natijalar oʻchirilsinmi? Buni qaytarib boʻlmaydi.
ui.restore,Restore purchases,Восстановить покупки,Xaridlarni tiklash
ui.restored,Purchases restored.,Покупки восстановлены.,Xaridlar tiklandi.
ui.unlock,Unlock the full game,Открыть полную игру,Toʻliq oʻyinni ochish
ui.unlock_desc,"One purchase unlocks every chapter. No ads, no subscriptions.",Одна покупка открывает все главы. Без рекламы и подписок.,Bitta xarid barcha boblarni ochadi. Reklama va obunasiz.
ui.store_unavailable,The store is not available yet. New chapters are coming soon.,Магазин пока недоступен. Новые главы скоро появятся.,Doʻkon hozircha mavjud emas. Yangi boblar tez orada chiqadi.
ui.purchase_ok,Thank you! The full game is unlocked.,Спасибо! Полная игра открыта.,Rahmat! Toʻliq oʻyin ochildi.
ui.free,Free,Бесплатно,Bepul
ui.locked,Locked,Закрыто,Yopiq
ui.coming_soon,Coming soon,Скоро,Tez orada
ui.completed,Completed,Пройдено,Yakunlangan
ui.play,Play,Играть,Oʻynash
ui.saved,Progress saved,Прогресс сохранён,Jarayon saqlandi
ui.save_failed,Could not save progress,Не удалось сохранить прогресс,Jarayonni saqlab boʻlmadi
ui.loading,Loading…,Загрузка…,Yuklanmoqda…
ui.version,Version %s,Версия %s,Versiya %s
ui.hint,Hint,Подсказка,Maslahat
ui.hint_more,Stronger hint,Яснее,Aniqroq
ui.hint_level,Hint %d of 3,Подсказка %d из 3,Maslahat: %d / 3
ui.inspect,Inspect,Осмотреть,Koʻrib chiqish
ui.combine,Combine,Объединить,Birlashtirish
ui.use,Use,Использовать,Ishlatish
ui.read,Read,Читать,Oʻqish
ui.inventory_empty,Your pockets are empty.,Карманы пусты.,Choʻntaklaringiz boʻsh.
ui.combine_prompt,Tap an item to combine with: %s,Выберите предмет для объединения с: %s,Birlashtirish uchun buyumni tanlang: %s
ui.use_prompt,Tap where to use: %s,"Нажмите, где использовать: %s",Qayerda ishlatishni tanlang: %s
ui.uv_on,UV light,УФ-свет,UB nur
ui.uv_drag,Drag to shine the UV lamp,"Ведите пальцем, чтобы светить УФ-лампой",UB chiroqni yoritish uchun barmoqni suring
ui.page,Page %d / %d,Стр. %d / %d,%d / %d-sahifa
ui.notebook,Notebook,Блокнот,Daftar
ui.journal,Journal,Журнал,Jurnal
ui.new_entry,New note in the journal,Новая запись в журнале,Jurnalda yangi yozuv
ui.item_added,Found: %s,Найдено: %s,Topildi: %s
ui.shard_found,Lumen shard %d / 5,Осколок Люмена %d / 5,Lumen boʻlagi %d / 5
ui.puzzle_solved,Solved,Решено,Yechildi
ui.choice_prompt,The crystal lens hums softly in the projector. Leyla's light is fading.,Кристаллическая линза тихо гудит в проекторе. Свет Лейлы угасает.,Billur linza proyektorda sekin gʻuvillaydi. Leylaning nuri soʻnmoqda.
ui.take_lens,Take the lens,Забрать линзу,Linzani olish
ui.leave_lens,Leave it for her,Оставить её ей,Unga qoldirish
ui.chapter_complete,Chapter complete,Глава пройдена,Bob yakunlandi
ui.time,Time,Время,Vaqt
ui.hints_used,Hints used,Подсказок,Maslahatlar
ui.puzzles,Puzzles solved,Головоломок решено,Yechilgan jumboqlar
ui.shards,Lumen shards,Осколки Люмена,Lumen boʻlaklari
ui.next_chapter,Next chapter,Следующая глава,Keyingi bob
ui.to_be_continued,To be continued…,Продолжение следует…,Davomi bor…
ui.achievement,Achievement: %s,Достижение: %s,Yutuq: %s
ach.light_remembers,Light Remembers,Свет помнит,Yorugʻlik eslaydi
ach.no_hints_ch1,Clear Mind,Ясный ум,Tiniq aql
tut.look,Drag to look around.,"Проведите пальцем, чтобы осмотреться.",Atrofga qarash uchun barmoqni suring.
tut.tap,Tap objects to examine them.,"Нажимайте на предметы, чтобы рассмотреть их.",Buyumlarni koʻrish uchun ularga bosing.
tut.zoom,Pinch to zoom.,"Сведите пальцы, чтобы приблизить.",Yaqinlashtirish uchun ikki barmoq bilan torting.
tut.back,Tap the back arrow in the corner to step back.,"Нажмите стрелку «назад» в углу, чтобы вернуться.",Orqaga qaytish uchun burchakdagi strelkani bosing.
tut.inventory,"Found items appear here. Tap to select, tap again to inspect.","Найденные предметы появляются здесь. Нажмите, чтобы выбрать; ещё раз — чтобы осмотреть.","Topilgan buyumlar shu yerda chiqadi. Tanlash uchun bosing, koʻrish uchun yana bosing."
tut.use,"With an item selected, tap the place where you want to use it.","Выбрав предмет, нажмите туда, где хотите его использовать.","Buyumni tanlab, uni ishlatmoqchi boʻlgan joyga bosing."
tut.combine,"Select an item, press Combine, then tap another item.","Выберите предмет, нажмите «Объединить», затем другой предмет.","Buyumni tanlang, «Birlashtirish»ni bosing, soʻng boshqa buyumni tanlang."
tut.hint,Stuck? The lamp icon gives a hint — gently at first.,Застряли? Значок лампы даст подсказку — сначала мягкую.,Qiyin boʻldimi? Chiroq belgisi maslahat beradi — avval yengilroq.
intro.1,Meridian Institute of Resonant Physics.\nSealed since 14 November 1979.,Институт резонансной физики «Меридиан».\nЗакрыт с 14 ноября 1979 года.,«Meridian» rezonans fizikasi instituti.\n1979-yil 14-noyabrdan beri yopiq.
intro.2,A parcel came for you. Inside: an old laboratory badge and a single line.\n“Laboratory 7. Please finish what I could not.”,"Вам пришла посылка. Внутри — старый пропуск лаборатории и одна строка:\n«Лаборатория 7. Пожалуйста, закончи то, что не смогла я».","Sizga posilka keldi. Ichida — eski laboratoriya guvohnomasi va bir qator yozuv:\n«7-laboratoriya. Iltimos, men tugata olmagan ishni tugating»."
outro.echo,"For a moment, the laboratory is 1979 again.",На мгновение лаборатория снова в 1979 году.,Bir lahzaga laboratoriya yana 1979-yilga qaytadi.
outro.listening,The Array is listening again.,Решётка снова слушает.,Panjara yana tinglamoqda.
epi.take,"You pocket the crystal lens. It is warm — and somewhere far below, something answers its hum.",Вы прячете линзу в карман. Она тёплая — и где-то глубоко внизу что-то отвечает на её гул.,Billur linzani choʻntagingizga solasiz. U iliq — va qayerdadir chuqurda nimadir uning gʻuvillashiga javob beradi.
epi.leave,"You leave the lens to her. As the door closes behind you, the desk lamp flickers once, like a goodbye.","Вы оставляете линзу ей. Когда дверь закрывается за вами, настольная лампа мигает — словно прощаясь.",Linzani unga qoldirasiz. Eshik ortingizdan yopilganda stol chirogʻi bir bor miltillaydi — xuddi xayrlashgandek.
epi.shards,Five shards — five fragments of a single night. The Array knows you now.,Пять осколков — пять фрагментов одной ночи. Теперь Решётка знает вас.,Beshta boʻlak — bitta tunning besh parchasi. Endi Panjara sizni taniydi.
epi.postmark,On the train home you look at the parcel again. The postmark reads: 14 XI 1979.,В поезде вы снова смотрите на посылку. На штемпеле: 14 XI 1979.,Uyga qaytayotgan poyezdda posilkaga yana qaraysiz. Pochta muhrida: 14 XI 1979.
item.notebook.name,Leyla's notebook,Блокнот Лейлы,Leylaning daftari
item.notebook.desc,A lab journal in Leyla Rahimova's handwriting. One page looks oddly blank.,"Лабораторный журнал, исписанный рукой Лейлы Рахимовой. Одна страница странно пуста.",Leyla Rahimovaning qoʻli bilan yozilgan laboratoriya jurnali. Bir sahifasi gʻalati darajada boʻm-boʻsh.
item.uv_lamp_empty.name,UV lamp (empty),УФ-лампа (пустая),UB chiroq (boʻsh)
item.uv_lamp_empty.desc,A lamp with a violet lens. Its battery bay is empty.,Фонарь с фиолетовым стеклом. Отсек для батареи пуст.,Binafsha shishali chiroq. Batareya joyi boʻsh.
item.battery_cell.name,Battery cell,Батарея,Batareya
item.battery_cell.desc,"A heavy old cell. Surprisingly, it still holds a charge.","Тяжёлая старая батарея. Как ни странно, ещё держит заряд.","Ogʻir eski batareya. Hayratlanarlisi, hali ham quvvati bor."
item.uv_lamp.name,UV lamp,УФ-лампа,UB chiroq
item.uv_lamp.desc,"Shines ultraviolet light. Invisible ink glows under it. Select it, then drag across surfaces.",Светит ультрафиолетом — невидимые чернила начинают светиться. Выберите её и ведите по поверхностям.,Ultrabinafsha nur sochadi — koʻrinmas siyoh yorishadi. Uni tanlang va yuzalar boʻylab suring.
item.brass_key.name,Brass key,Латунный ключ,Jez kalit
item.brass_key.desc,A small ornate key. Too small for any door.,Маленький резной ключ. Слишком мал для двери.,Kichkina naqshli kalit. Eshik uchun juda kichik.
item.crystal_lens.name,Crystal lens,Кристаллическая линза,Billur linza
item.crystal_lens.desc,"A flawless crystal in a brass ring, faintly warm. The Lumen crystal remembers the light that falls on it.","Безупречный кристалл в латунной оправе, едва тёплый. Кристалл Люмена помнит свет, который на него падает.","Jez halqadagi benuqson billur, biroz iliq. Lumen billuri ustiga tushgan yorugʻlikni eslab qoladi."
item.crystal_lens.desc_recorded,The crystal glows softly from within: it holds the Institute's mark.,Кристалл мягко светится изнутри: в нём хранится знак института.,Billur ichidan mayin yogʻdu sochadi: unda institut belgisi saqlangan.
item.strand_letter.name,Strand's letter,Письмо Странда,Strandning maktubi
item.strand_letter.desc,Sealed with red wax and addressed to Leyla.,"Запечатано красным сургучом, адресовано Лейле.","Qizil surgʻuch bilan muhrlangan, Leylaga atalgan."
item.radio_valve.name,Radio valve,Радиолампа,Radiolampa
item.radio_valve.desc,A glass vacuum tube for an old valve radio.,Стеклянная электронная лампа для старого радиоприёмника.,Eski radiopriyomnik uchun shisha elektron lampa.
item.breaker_handle.name,Breaker handle,Рукоять рубильника,Uzgich dastasi
item.breaker_handle.desc,A bakelite handle torn from a main breaker.,"Бакелитовая рукоять, снятая с главного рубильника.",Asosiy uzgichdan yechib olingan bakelit dasta.
item.leyla_photo.name,Photograph,Фотография,Surat
item.leyla_photo.desc,Leyla in Laboratory 7. Something is written on the back.,Лейла в Лаборатории 7. На обороте что-то написано.,Leyla 7-laboratoriyada. Orqasida nimadir yozilgan.
item.mirror_item.name,Round mirror,Круглое зеркало,Dumaloq koʻzgu
item.mirror_item.desc,A brass-framed mirror with a mounting pin. It fits a mirror stand.,Зеркало в латунной оправе со штифтом. Подходит к зеркальной стойке.,"Jez gardishli, mahkamlash qoziqchali koʻzgu. Koʻzgu tirgagiga mos keladi."
doc.notebook.p1,12 November 1979\n\nStrand wants full resonance on Thursday. The crystal readings are wrong.\n\nIt is not replaying the light.\nIt is keeping it.,12 ноября 1979\n\nСтранд хочет полный резонанс в четверг. Показания кристалла неверны.\n\nОн не воспроизводит свет.\nОн его удерживает.,1979-yil 12-noyabr\n\nStrand payshanba kuni toʻliq rezonans istaydi. Billur koʻrsatkichlari notoʻgʻri.\n\nU yorugʻlikni takrorlamayapti.\nU uni ushlab qolyapti.
doc.notebook.p2,"14 November 1979, night\n\nEvery clock in the building stopped at the same moment.\n\nI set the lock of my desk drawer to that moment, so that I will never forget it.","14 ноября 1979, ночь\n\nВсе часы в здании остановились в одно и то же мгновение.\n\nЯ установила замок ящика стола на это мгновение, чтобы никогда его не забыть.","1979-yil 14-noyabr, tun\n\nBinodagi barcha soatlar bir lahzada toʻxtadi.\n\nOʻsha lahzani hech qachon unutmaslik uchun stol tortmamning qulfini shu lahzaga oʻrnatdim."
doc.notebook.p3,"Strand gave each of us one of his gear boxes.\n“Turn one wheel and its neighbour follows — like people,” he said.\n\nI keep the cell for my lamp inside mine.","Странд подарил каждому из нас свою шкатулку с шестернями.\n«Поверни одно колесо — и сосед последует за ним, как люди», — сказал он.\n\nВ своей я храню батарею для лампы.","Strand har birimizga oʻzining tishli gʻildirakli qutichasidan sovgʻa qilgan.\n«Bitta gʻildirakni bursang, qoʻshnisi ham ergashadi — xuddi odamlardek», degandi u.\n\nMen oʻzimnikida chirogʻim batareyasini saqlayman."
doc.notebook.p4,"Panel 7.\nLOCK, LIGHT and ARRAY must be live.\nThe VENT line must stay dead — or the dust from the Array Hall will reach us.","Щит 7.\nЗАМОК, СВЕТ и РЕШЁТКА должны быть под током.\nЛиния ВЕНТИЛЯЦИИ должна оставаться обесточенной — иначе пыль из Зала Решётки дойдёт до нас.","7-panel.\nQULF, YORUGʻLIK va PANJARA tok ostida boʻlishi kerak.\nSHAMOLLATISH liniyasi oʻchiq qolsin — aks holda Panjara zalidagi chang bizgacha yetib keladi."
doc.notebook.p5,,,
doc.notebook.p5_uv,The safe answers in Strand's symbols:,Сейф отвечает символами Странда:,Seyf Strandning belgilari bilan javob beradi:
doc.notebook.p6,I took the handle of the main breaker and hid it where only my lamp can show the way.,"Я сняла рукоять главного рубильника и спрятала её там, куда дорогу укажет только моя лампа.",Asosiy uzgichning dastasini yechib oldim va uni faqat chirogʻim yoʻl koʻrsata oladigan joyga yashirdim.
doc.notebook.p7,"Strand's beacon still calls on his old band — three numbers, over and over.\n\nMy encyclopedia remembers them.","Маяк Странда всё ещё зовёт на его старой волне — три числа, снова и снова.\n\nМоя энциклопедия их помнит.","Strandning mayogʻi hali ham oʻsha eski toʻlqinda chaqiryapti — uchta son, qayta-qayta.\n\nMening ensiklopediyam ularni eslaydi."
doc.notebook.p8,If someone reads this: the Array must wake once more to open the door.\n\nThe door's eye opens only for the Institute's mark carried in Lumen light.\n\nTune it exactly as Strand wrote — or it will keep you too.,"Если кто-то читает это: Решётка должна проснуться ещё раз, чтобы открыть дверь.\n\nГлаз двери откроется только перед знаком института, несомым светом Люмена.\n\nНастрой её точно так, как писал Странд, — иначе она удержит и тебя.",Agar buni kimdir oʻqiyotgan boʻlsa: eshikni ochish uchun Panjara yana bir bor uygʻonishi kerak.\n\nEshik koʻzi faqat Lumen nuri olib kelgan institut belgisiga ochiladi.\n\nUni Strand yozganidek aniq sozla — aks holda u seni ham ushlab qoladi.
doc.letter,"Leyla —\n\nThe light opens any door when the three rings sing with the three samples, the heaviest first.\n\nDo not be afraid of it.\n\n— E. S.","Лейла —\n\nСвет откроет любую дверь, когда три кольца запоют в лад с тремя образцами — начиная с самого тяжёлого.\n\nНе бойся его.\n\n— Э. С.",Leyla —\n\nUch halqa uch namuna bilan hamohang kuylaganda — eng ogʻiridan boshlab — yorugʻlik har qanday eshikni ochadi.\n\nUndan qoʻrqma.\n\n— E. S.
doc.photo,"Lab 7, spring 1977.\nFor Mira — so she remembers my face.","Лаб. 7, весна 1977.\nДля Миры — чтобы она помнила моё лицо.","7-lab., 1977-yil bahori.\nMira uchun — yuzimni eslab qolsin."
doc.darkroom_note,Only light and shadow may draw the Institute's mark.\nThe crystal remembers what falls on it.,"Знак института могут нарисовать только свет и тень.\nКристалл помнит то, что на него падает.",Institut belgisini faqat yorugʻlik va soya chiza oladi.\nBillur ustiga tushgan narsani eslab qoladi.
doc.evidence,"Forty-one photographs. Forty-one names.\nA clipping, 1979: “Institute closed after ventilation accident.”\nA clipping, 1998: “Former researcher seen at the sealed Institute.”","Сорок одна фотография. Сорок одно имя.\nВырезка, 1979: «Институт закрыт после аварии вентиляции».\nВырезка, 1998: «Бывшую сотрудницу видели у закрытого института».","Qirq bitta surat. Qirq bitta ism.\nGazeta qirqimi, 1979: «Shamollatish avariyasidan soʻng institut yopildi».\nGazeta qirqimi, 1998: «Sobiq xodima yopiq institut yonida koʻrilgan»."
obj.door,Laboratory door — sealed by a magnetic lock,Дверь лаборатории — заперта магнитным замком,Laboratoriya eshigi — magnit qulf bilan yopilgan
obj.door_open,Laboratory door — open,Дверь лаборатории — открыта,Laboratoriya eshigi — ochiq
obj.desk,Leyla's desk,Стол Лейлы,Leylaning stoli
obj.drawer,Drawer lock — four brass wheels,Замок ящика — четыре латунных колеса,Tortma qulfi — toʻrtta jez gʻildirak
obj.clock,"A flip clock, stopped",Перекидные часы — остановились,Varaqli soat — toʻxtab qolgan
obj.gearbox,Strand's gear box,Шкатулка Странда с шестернями,Strandning tishli qutichasi
obj.safe,Wall safe,Стенной сейф,Devor seyfi
obj.panel,Panel 7,Щит 7,7-panel
obj.radio,Valve radio,Ламповый радиоприёмник,Lampali radiopriyomnik
obj.projector,Lumen projector,Проектор «Люмен»,«Lumen» proyektori
obj.poster,Tabula Resonantiarum — Strand's table of resonances,Tabula Resonantiarum — таблица резонансов Странда,Tabula Resonantiarum — Strandning rezonanslar jadvali
obj.chalkboard,Strand's chalkboard,Доска Странда,Strandning dokasi
obj.bench,Laboratory bench,Лабораторный стол,Laboratoriya stoli
obj.vials,"Three samples, labelled only by density (ρ)","Три образца, подписаны только плотностью (ρ)",Uchta namuna — faqat zichligi (ρ) yozilgan
obj.bookshelf,Bookcase — a nine-volume encyclopedia,Книжный шкаф — энциклопедия в девяти томах,Kitob javoni — toʻqqiz jildli ensiklopediya
obj.bookshelf_open,Behind the bookcase: Leyla's darkroom,За книжным шкафом — тёмная комната Лейлы,Kitob javoni ortida — Leylaning qorongʻi xonasi
obj.mirror_a,Mirror stand,Зеркальная стойка,Koʻzgu tirgagi
obj.mirror_b,Mirror stand — the bracket is empty,Зеркальная стойка — держатель пуст,Koʻzgu tirgagi — ushlagich boʻsh
obj.lock,The door's eye — a light lock,Глаз двери — световой замок,Eshik koʻzi — yorugʻlik qulfi
obj.window,Barred window. The valley sleeps under the moon.,Окно с решёткой. Долина спит под луной.,Panjarali deraza. Vodiy oy ostida uxlayapti.
obj.coat,"A coat, still on its hook","Пальто, всё ещё на вешалке",Ilgichda hamon osilgan palto
obj.drawing,"A child's drawing: the Institute, the sun, a woman in a white coat","Детский рисунок: институт, солнце, женщина в белом халате","Bolalar rasmi: institut, quyosh, oq xalatli ayol"
obj.darkroom,Leyla's darkroom,Тёмная комната Лейлы,Leylaning qorongʻi xonasi
obj.evidence,Leyla's evidence wall,Стена улик Лейлы,Leylaning dalillar devori
obj.shadow,Shadow sculpture — a brass ring and a rod,Теневая скульптура — латунное кольцо и стержень,Soya haykalchasi — jez halqa va sterjen
obj.emblem,"The Institute's mark, with a socket at its heart",Знак института с гнездом в центре,Markazida uyasi bor institut belgisi
obj.cabinet,A small locked cabinet,Маленький запертый шкафчик,Kichik qulflangan javoncha
obj.cabinet_open,"A small cabinet, now unlocked",Маленький шкафчик — теперь открыт,Kichik javoncha — endi ochiq
obj.filing,"Filing cabinet — staff records, mostly empty","Картотека — личные дела, почти пустая","Kartoteka — xodimlar hujjatlari, deyarli boʻsh"
obj.radiator,A cold cast-iron radiator,Холодная чугунная батарея,Sovuq choʻyan batareya
msg.nothing,Nothing happens.,Ничего не происходит.,Hech narsa boʻlmadi.
msg.door_sealed,Sealed. The magnetic lock hums; its lamp glows red.,"Заперто. Магнитный замок гудит, его лампа горит красным.","Yopiq. Magnit qulf gʻuvillaydi, chirogʻi qizil yonmoqda."
msg.drawer_locked,Locked. Four brass wheels hold it shut.,Заперто. Его держат четыре латунных колеса.,Qulflangan. Uni toʻrtta jez gʻildirak ushlab turibdi.
msg.drawer_opened,Click — the drawer slides open.,Щелчок — ящик выдвигается.,Chiq — tortma ochildi.
msg.box_opened,The gears align and the lid springs open.,"Шестерни совпали, и крышка откидывается.",Tishli gʻildiraklar mos keldi va qopqoq ochilib ketdi.
msg.combine_failed,These don't fit together.,Это не подходит друг к другу.,Bular bir-biriga mos kelmaydi.
msg.lamp_ready,The UV lamp flickers to life.,УФ-лампа оживает.,UB chiroq yonib ketdi.
msg.uv_page,Hidden ink blooms on the blank page!,На пустой странице проступают невидимые чернила!,Boʻsh sahifada yashirin siyoh paydo boʻldi!
msg.uv_desk,A glowing mark appears on the side of the desk.,На боковине стола проступает светящийся знак.,Stolning yon tomonida yorugʻ belgi paydo boʻldi.
msg.safe_denied,Wrong code. The safe buzzes.,Неверный код. Сейф гудит.,Kod notoʻgʻri. Seyf gʻuvillaydi.
msg.safe_opened,The bolts slide back. The safe is open.,Засовы отходят. Сейф открыт.,Zulfinlar surildi. Seyf ochildi.
msg.keyhole,"The rosette sinks in; a panel slides away, revealing a keyhole.","Розетка утапливается, панель сдвигается — под ней замочная скважина.","Gul naqsh ichkariga botdi, panel surilib, kalit teshigi koʻrindi."
msg.compartment,A hidden compartment slides out of the desk.,Из стола выдвигается тайник.,Stoldan yashirin boʻlma chiqib keldi.
msg.main_no_handle,The main breaker has no handle.,У главного рубильника нет рукояти.,Asosiy uzgichning dastasi yoʻq.
msg.handle_installed,The handle clicks into place.,Рукоять встаёт на место.,Dasta joyiga oʻrnashdi.
msg.breaker_tripped,Sparks! The VENT line tripped the breaker.,Искры! Линия вентиляции выбила рубильник.,Uchqunlar! Shamollatish liniyasi uzgichni urib tushirdi.
msg.power_restored,Power restored.,Питание восстановлено.,Elektr tiklandi.
msg.switches_locked,The circuit is locked in place.,Цепь зафиксирована.,Zanjir mahkamlangan.
msg.main_locked,The main lever is locked in place.,Главный рычаг зафиксирован.,Asosiy richag mahkamlangan.
msg.radio_dead,The radio is silent.,Радио молчит.,Radio jim.
msg.radio_no_power,No power reaches the radio.,Радио обесточено.,Radioga tok kelmayapti.
msg.radio_needs_valve,The hatch reveals an empty valve socket.,Под крышкой — пустое гнездо для лампы.,Qopqoq ostida lampa uchun boʻsh uya bor.
msg.valve_installed,The valve warms up with an orange glow.,Лампа разогревается оранжевым светом.,Lampa toʻq sariq rangda qizib ketdi.
msg.radio_signal,A signal cuts through the static…,Сквозь помехи пробивается сигнал…,Shovqin orasidan signal eshitildi…
msg.shelf_opened,Something clicks behind the books… the bookcase swings open!,За книгами что-то щёлкает… шкаф отъезжает в сторону!,Kitoblar ortida nimadir chiqilladi… javon ochilib ketdi!
msg.red_glow,A faint red glow seeps around the bookcase.,Вокруг книжного шкафа сочится слабый красный свет.,Kitob javoni atrofidan xira qizil nur sizib chiqyapti.
msg.cabinet_opened,The shadow forms the mark — the cabinet clicks open.,Тень складывается в знак — шкафчик открывается.,Soya belgini hosil qildi — javoncha ochildi.
msg.emblem_recorded,The crystal flares. It has remembered the mark.,Кристалл вспыхивает. Он запомнил знак.,Billur chaqnadi. U belgini eslab qoldi.
msg.lens_in_socket,The lens fits the socket perfectly.,Линза идеально встаёт в гнездо.,Linza uyaga aynan mos tushdi.
msg.lens_in_projector,The crystal lens slides into the projector.,Кристаллическая линза встаёт в проектор.,Billur linza proyektorga joylashdi.
msg.projector_no_power,The projector is dead. It needs power.,Проектор мёртв. Нужно питание.,Proyektor ishlamayapti. Unga tok kerak.
msg.projector_no_lens,The lens socket is empty.,Гнездо для линзы пусто.,Linza uyasi boʻsh.
msg.projector_scatter,The light scatters — the rings are out of tune.,Свет рассеивается — кольца не настроены.,Yorugʻlik tarqalib ketdi — halqalar sozlanmagan.
msg.beam_on,A clean Lumen beam pours from the lens.,Из линзы льётся чистый луч Люмена.,Linzadan musaffo Lumen nuri oqib chiqdi.
msg.rings_locked,The rings won't move while the beam is on.,"Кольца не двигаются, пока горит луч.",Nur yonib turganda halqalar qimirlamaydi.
msg.mirror_back,The beam strikes the brass back of the mirror.,Луч бьёт в латунную тыльную сторону зеркала.,Nur koʻzguning jez orqa tomoniga urildi.
msg.lock_waits,The beam reaches the door's eye… but it waits for a sign.,Луч касается глаза двери… но он ждёт знака.,Nur eshik koʻziga yetdi… lekin u belgi kutyapti.
msg.door_unlocked,The door's eye blazes. The magnetic lock lets go.,Глаз двери вспыхивает. Магнитный замок отпускает.,Eshik koʻzi chaqnadi. Magnit qulf boʻshadi.
msg.mirror_mounted,The mirror clicks onto the stand.,Зеркало защёлкивается на стойке.,Koʻzgu tirgakka mahkamlandi.
msg.lens_removed,You take the crystal lens back.,Вы забираете линзу обратно.,Billur linzani qaytarib olasiz.
msg.book_pulled,"Volume %s tilts out, then springs back.",Том %s наклоняется и возвращается на место.,%s-jild egilib chiqdi va joyiga qaytdi.
msg.needs_uv,Something here might show under the right light.,Здесь что-то может проявиться при нужном свете.,Bu yerda toʻgʻri yorugʻlikda nimadir koʻrinishi mumkin.
cap.maglock,[Magnetic lock clicks shut],[Щелчок магнитного замка],[Magnit qulf chiqillab yopildi]
cap.beacon,[Radio beacon: •• — •••••• — •••],[Радиомаяк: •• — •••••• — •••],[Radiomayoq: •• — •••••• — •••]
cap.static,[Radio static],[Радиопомехи],[Radio shovqini]
cap.hum,[The projector hums],[Проектор гудит],[Proyektor gʻuvillaydi]
cap.sparks,[Sparks crackle],[Треск искр],[Uchqunlar chirsillaydi]
cap.door,[The heavy door creaks open],[Тяжёлая дверь со скрипом открывается],[Ogʻir eshik gʻiyqillab ochildi]
item.leyla_badge.name,Leyla's lab badge,Пропуск Лейлы,Leylaning laboratoriya nishoni
item.leyla_badge.desc,Laboratory 7 · Staff no. 0417 · Dr. L. Rahimova. It came in the parcel.,Лаборатория 7 · Табельный № 0417 · Д-р Л. Рахимова. Он был в посылке.,7-laboratoriya · Xodim № 0417 · Dr. L. Rahimova. U posilkada kelgan.
item.index_card.name,Index card 0417,Карточка 0417,0417-kartochka
item.index_card.desc,Leyla's personnel card. Eight positions along the top edge; some are notched.,"Личная карточка Лейлы. Восемь позиций по верхнему краю, часть из них с вырезами.","Leylaning shaxsiy kartochkasi. Yuqori chetida sakkizta joy bor, baʼzilari kesilgan."
item.blank_card.name,Blank request card,Чистый бланк запроса,Boʻsh soʻrov kartasi
item.blank_card.desc,A request card for the closed stacks. It must be punched first.,Бланк запроса в закрытое хранение. Сначала его нужно пробить.,Yopiq fondga soʻrov kartasi. Avval uni teshish kerak.
item.request_card.name,Punched request card,Пробитый бланк запроса,Teshilgan soʻrov kartasi
item.request_card.desc,Ready to travel by tube.,Готов к отправке по трубе.,Quvur orqali joʻnatishga tayyor.
item.personnel_file.name,Leyla's personnel file,Личное дело Лейлы,Leylaning shaxsiy ishi
item.personnel_file.desc,A thin folder. A letter from 1998 is clipped inside.,Тонкая папка. Внутри приколото письмо 1998 года.,Yupqa papka. Ichida 1998-yilgi maktub qistirilgan.
item.locker_key.name,Locker key,Ключ от шкафчика,Shkafcha kaliti
item.locker_key.desc,A small key on a brass tag: 9.,Маленький ключ на латунной бирке: 9.,Jez yorliqli kichik kalit: 9.
item.pocket_receiver.name,Pocket receiver,Карманный приёмник,Choʻntak qabul qilgichi
item.pocket_receiver.desc,Leyla's direction-finding receiver. Its needle climbs near whatever it listens for.,"Пеленгационный приёмник Лейлы. Стрелка поднимается рядом с тем, что он слышит.",Leylaning yoʻnalish topuvchi qabul qilgichi. U eshitadigan narsa yaqinida mili koʻtariladi.
item.tape_1996.name,Reel · 1996,Катушка · 1996,Gʻaltak · 1996
item.tape_1996.desc,A wire-recorder reel. The label reads 1996 · 4.75.,Катушка проволочного магнитофона. На этикетке: 1996 · 4.75.,Simli magnitofon gʻaltagi. Yorligʻida: 1996 · 4.75.
item.tape_1997.name,Reel · 1997,Катушка · 1997,Gʻaltak · 1997
item.tape_1997.desc,A wire-recorder reel. The label reads 1997 · 4.75.,Катушка проволочного магнитофона. На этикетке: 1997 · 4.75.,Simli magnitofon gʻaltagi. Yorligʻida: 1997 · 4.75.
item.tape_1998.name,Reel · 1998,Катушка · 1998,Gʻaltak · 1998
item.tape_1998.desc,A wire-recorder reel. The label reads 1998 · 4.75.,Катушка проволочного магнитофона. На этикетке: 1998 · 4.75.,Simli magnitofon gʻaltagi. Yorligʻida: 1998 · 4.75.
item.film_reel.name,Film reel,Бобина с плёнкой,Kinolenta bobinasi
item.film_reel.desc,"Strand's 1979 film, spliced back together.","Фильм Странда 1979 года, снова склеенный.","Strandning 1979-yilgi filmi, qayta yelimlangan."
item.crystal_blank_1.name,Blank Lumen crystal,Чистый кристалл Люмена,Boʻsh Lumen billuri
item.crystal_blank_1.desc,A clear crystal. It remembers the first sharp image that falls on it.,"Прозрачный кристалл. Он запоминает первое чёткое изображение, которое на него упадёт.",Tiniq billur. Ustiga tushgan birinchi aniq tasvirni eslab qoladi.
item.crystal_blank_2.name,Blank Lumen crystal,Чистый кристалл Люмена,Boʻsh Lumen billuri
item.crystal_blank_2.desc,A clear crystal. It remembers the first sharp image that falls on it.,"Прозрачный кристалл. Он запоминает первое чёткое изображение, которое на него упадёт.",Tiniq billur. Ustiga tushgan birinchi aniq tasvirni eslab qoladi.
item.crystal_sign.name,Crystal: Leyla's sign,Кристалл: знак Лейлы,Billur: Leyla belgisi
item.crystal_sign.desc,It keeps Leyla's sign: a crescent with three dots.,В нём хранится знак Лейлы: полумесяц с тремя точками.,Unda Leyla belgisi saqlangan: uch nuqtali yarim oy.
item.crystal_mark.name,Crystal: Strand's mark,Кристалл: знак Странда,Billur: Strand belgisi
item.crystal_mark.desc,It keeps the Institute's mark: a ring and a meridian.,В нём хранится знак института: кольцо и меридиан.,Unda institut belgisi saqlangan: halqa va meridian.
item.emblem_slide.name,Emblem slide,Слайд с эмблемой,Emblemali slayd
item.emblem_slide.desc,A glass lantern slide with the Institute's mark.,Стеклянный диапозитив со знаком института.,Institut belgisi tushirilgan shisha diapozitiv.
item.strand_key.name,Strand's key,Ключ Странда,Strandning kaliti
item.strand_key.desc,Heavy brass with a star. It opens the Array Hall.,Тяжёлая латунь со звездой. Он открывает зал Решётки.,Yulduzli ogʻir jez kalit. U Panjara zalini ochadi.
item.leyla_key.name,Leyla's key,Ключ Лейлы,Leylaning kaliti
item.leyla_key.desc,Plain steel with a crescent. It opens the crystal vaults.,Простая сталь с полумесяцем. Он открывает кристальные хранилища.,Yarim oy tushirilgan oddiy poʻlat kalit. U billur omborlarini ochadi.
obj2.hall,Records Archive B,Архив документов «Б»,«B» hujjatlar arxivi
obj2.catalogue,Card catalogue — staff 0000–0999,Картотека — сотрудники 0000–0999,Kartoteka — xodimlar 0000–0999
obj2.compressor,Tube compressor,Компрессор пневмопочты,Pnevmatik pochta kompressori
obj2.station,Pneumatic tube station,Станция пневмопочты,Pnevmatik pochta stansiyasi
obj2.chart,Routing chart,Схема маршрутов,Yoʻnalishlar sxemasi
obj2.desk,Archivist's desk,Стол архивариуса,Arxivchi stoli
obj2.punch,Card punch,Перфоратор карт,Karta teshgich
obj2.deck,Tape deck,Магнитофон,Magnitofon
obj2.lockers,Staff lockers,Шкафчики сотрудников,Xodimlar shkafchalari
obj2.stacks,The stacks,Стеллажи,Javonlar
obj2.grille,Ventilation grille,Вентиляционная решётка,Shamollatish panjarasi
obj2.ledger,A row of ledgers,Ряд гроссбухов,Daftarlar qatori
obj2.reading,Reading table,Читальный стол,Mutolaa stoli
obj2.hatch,A hatch in the floor,Люк в полу,Poldagi lyuk
obj2.booth_door,Projection booth — dial lock,Кинобудка — дисковый замок,Kinobudka — diskli qulf
obj2.booth,Projection booth,Кинобудка,Kinobudka
obj2.splicer,Film splicer,Склеечный пресс,Kinolenta yelimlagichi
obj2.projector,Film projector,Кинопроектор,Kinoproyektor
obj2.slides,Slide cabinet,Шкаф для слайдов,Slaydlar javoni
obj2.slide_projector,Slide projector,Диапроектор,Diaproyektor
obj2.screen,Projection screen,Проекционный экран,Proyeksiya ekrani
obj2.vault,Archive vault — dual light lock,Хранилище архива — двойной световой замок,Arxiv seyfxonasi — qoʻsh yorugʻlik qulfi
obj2.vault_open,Archive vault,Хранилище архива,Arxiv seyfxonasi
obj2.shutter,Fire shutter — jammed,Противопожарная штора — заклинило,Yongʻinga qarshi toʻsiq — tiqilib qolgan
msg.c2_shutter,The fire shutter crashes down behind you.,Позади с грохотом падает противопожарная штора.,Ortingizda yongʻinga qarshi toʻsiq gursillab tushdi.
msg.c2_card_other,Card %s: a stranger's file. You put it back.,Карточка %s: чужое дело. Вы кладёте её обратно.,%s-kartochka: begona odamning ishi. Uni joyiga qaytardingiz.
msg.c2_card_leyla,"Card 0417: Rahimova, Leyla. Laboratory 7.",Карточка 0417: Рахимова Лейла. Лаборатория 7.,0417-kartochka: Rahimova Leyla. 7-laboratoriya.
msg.c2_pressure_ok,The compressor wheezes to life. The station lamp turns green.,Компрессор оживает с хрипом. Лампа станции загорается зелёным.,Kompressor xirillab ishga tushdi. Stansiya chirogʻi yashil yondi.
msg.c2_valves_locked,The valves hold the pressure now.,Вентили теперь держат давление.,Endi ventillar bosimni ushlab turibdi.
msg.c2_punch_empty,The punch is empty. It needs a blank card.,Перфоратор пуст. Нужен чистый бланк.,Teshgich boʻsh. Unga boʻsh karta kerak.
msg.c2_card_punched,Clack. The card is punched.,Щёлк. Карта пробита.,Chiq. Karta teshildi.
msg.c2_card_returned,You slip the card back into the tray.,Вы возвращаете бланк в лоток.,Kartani laganga qaytardingiz.
msg.c2_no_pressure,The tubes are dead: no pressure.,Трубы мертвы: нет давления.,Quvurlar jim: bosim yoʻq.
msg.c2_tube_empty,The canister is empty.,Капсула пуста.,Kapsula boʻsh.
msg.c2_canister_loaded,The card goes into the canister.,Карта отправляется в капсулу.,Karta kapsulaga solindi.
msg.c2_notfound,The canister returns with a red slip: FILE NOT FOUND.,Капсула возвращается с красной запиской: ДЕЛО НЕ НАЙДЕНО.,Kapsula qizil qogʻoz bilan qaytdi: ISH TOPILMADI.
msg.c2_nodest,The canister thumps back. No one answered there.,Капсула с глухим стуком возвращается. Там никто не ответил.,Kapsula gup etib qaytdi. U yerda hech kim javob bermadi.
msg.c2_file,"The canister thumps back, heavier now.",Капсула возвращается — теперь тяжелее.,Kapsula qaytdi — endi ogʻirroq.
msg.c2_locker_locked,Locked.,Заперто.,Qulflangan.
msg.c2_locker_open,Locker 9 opens. Leyla's receiver hangs on a hook.,Шкафчик 9 открыт. На крючке висит приёмник Лейлы.,9-shkafcha ochildi. Ilgakda Leylaning qabul qilgichi osilib turibdi.
msg.c2_grille,The grille swings open on two loose screws.,Решётка открывается: два винта едва держатся.,Panjara ochildi: ikki vinti boʻshab qolgan ekan.
msg.c2_ledger,The ledger is hollow.,Гроссбух полый внутри.,Daftarning ichi kovak ekan.
msg.c2_hatch,The hatch lifts with a groan.,Люк со стоном поднимается.,Lyuk gʻijirlab koʻtarildi.
msg.c2_garbled,A shrill chatter: the speed is wrong.,Визгливая трескотня: скорость не та.,Chiyillagan shovqin: tezlik notoʻgʻri.
msg.c2_deck_empty,There is no reel on the deck.,На магнитофоне нет катушки.,Magnitofonda gʻaltak yoʻq.
msg.c2_dial_wrong,The dial whirs back. Nothing.,Диск с жужжанием возвращается. Ничего.,Disk gʻuvillab qaytdi. Hech narsa.
msg.c2_booth_open,The booth door unlatches.,Дверь кинобудки отщёлкивается.,Kinobudka eshigi ochildi.
msg.c2_reel_repaired,The splices hold. The reel is whole again.,Склейки держат. Бобина снова цела.,Yelimlar ushladi. Bobina yana butun.
msg.c2_projector_off,The projector lamp goes dark.,Лампа проектора гаснет.,Proyektor chirogʻi oʻchdi.
msg.c2_blurred,The picture is blurred.,Изображение размыто.,Tasvir xira.
msg.c2_recorded_sign,The crystal flares. It keeps her sign now.,Кристалл вспыхивает. Теперь в нём её знак.,Billur chaqnadi. Endi unda uning belgisi saqlanadi.
msg.c2_recorded_mark,The crystal flares. It keeps Strand's mark now.,Кристалл вспыхивает. Теперь в нём знак Странда.,Billur chaqnadi. Endi unda Strand belgisi saqlanadi.
msg.c2_lens_refused,The lens already remembers Strand's mark.,Линза уже помнит знак Странда.,Linza Strand belgisini allaqachon eslab qolgan.
msg.c2_socket_full,Something is already in the socket.,В гнезде уже что-то есть.,Uyachada allaqachon nimadir bor.
msg.c2_port_blank,A blank crystal shows nothing.,Чистый кристалл ничего не показывает.,Boʻsh billur hech narsa koʻrsatmaydi.
msg.c2_vault_unlocked,"The images lock into the engraving. Bolts slide back, one after another.",Изображения совпадают с гравировкой. Засовы отходят один за другим.,Tasvirlar oʻyma bilan mos tushdi. Zulfinlar birin-ketin ochildi.
msg.c2_wheel_locked,The wheel won't move: the bolts are still in.,Штурвал не двигается: засовы ещё закрыты.,Gʻildirak qimirlamaydi: zulfinlar hali yopiq.
msg.c2_slide_drawer,Glass slides in velvet slots.,Стеклянные слайды в бархатных гнёздах.,Baxmal uyachalardagi shisha slaydlar.
msg.c2_echo_released,The echo turns to the light and is gone.,Эхо поворачивается к свету и исчезает.,Aks-sado yorugʻlikka yuzlandi va gʻoyib boʻldi.
msg.c2_echo_count,Kept echoes released: %d / 3,Освобождено эхо: %d / 3,Ozod qilingan aks-sadolar: %d / 3
msg.c2_receiver,Signal: %s,Сигнал: %s,Signal: %s
cap2.compressor,[The compressor coughs and hums],[Компрессор кашляет и гудит],[Kompressor yoʻtalib gʻuvillaydi]
cap2.whoosh,[A canister whooshes through the tubes],[По трубам со свистом летит капсула],[Quvurlardan kapsula shuvillab oʻtdi]
cap2.static,[Receiver static],[Помехи в приёмнике],[Qabul qilgich shovqini]
cap2.clicks,[Clicks: %s],[Щелчки: %s],[Chiqillashlar: %s]
cap2.projector,[The projector rattles],[Стрекочет проектор],[Proyektor shiqirlaydi]
cap2.bolts,[Bolts clank free],[Лязг освобождённых засовов],[Zulfinlar shaqillab ochildi]
cap2.leyla_echo,"For a moment Leyla is there, in 1979. She touches a drawer of the slide cabinet and fades.",На миг здесь Лейла — 1979 год. Она касается ящика со слайдами и тает.,Bir lahza Leyla shu yerda — 1979-yil. U slaydlar javonining tortmasiga tegadi va yoʻqoladi.
cap2.lens_hum,The crystal lens hums: something kept is near.,Кристаллическая линза гудит: рядом что-то хранимое.,Billur linza gʻuvillaydi: yaqinda saqlab qolingan nimadir bor.
intro2.1,"Beyond Laboratory 7, a corridor leads to Records Archive B.",За Лабораторией 7 коридор ведёт в архив документов «Б».,7-laboratoriya ortidagi yoʻlak «B» hujjatlar arxiviga olib boradi.
intro2.2,"Somewhere in here, Leyla left the rest of her trail.",Где-то здесь Лейла оставила продолжение своего следа.,Leyla izining davomini shu yerda bir joyda qoldirgan.
doc2.file,"To whoever opens my file:\nI came back in 1996. The Institute is sealed, but the archive still breathes — the tubes, the lamps, the vault.\nI hid my voice where my receiver can hear it. Locker 9 keeps the receiver.\n— L.R.","Тому, кто откроет моё дело:\nЯ вернулась в 1996-м. Институт запечатан, но архив ещё дышит — трубы, лампы, хранилище.\nЯ спрятала свой голос там, где его слышит мой приёмник. Приёмник — в шкафчике 9.\n— Л.Р.","Ishimni ochgan kishiga:\n1996-yilda qaytib keldim. Institut muhrlangan, ammo arxiv hali nafas olyapti — quvurlar, chiroqlar, seyfxona.\nOvozimni qabul qilgichim eshita oladigan joyga yashirdim. Qabul qilgich 9-shkafchada.\n— L.R."
doc2.tape_1996,1996. Day one. The Array still hums beneath the floor. I will record what I find and hide each reel where only my receiver can hear it.,"1996. День первый. Решётка всё ещё гудит под полом. Я буду записывать всё, что найду, и прятать каждую катушку там, где её слышит только мой приёмник.",1996. Birinchi kun. Panjara hali ham pol ostida gʻuvillaydi. Topganlarimni yozib boraman va har bir gʻaltakni faqat qabul qilgichim eshitadigan joyga yashiraman.
doc2.tape_1997,1997. The static speaks names. Forty-one names. Strand did not lose them. He kept them.,1997. Помехи шепчут имена. Сорок одно имя. Странд их не потерял. Он их сохранил.,1997. Shovqin ismlarni aytadi. Qirq bitta ism. Strand ularni yoʻqotmadi. U ularni saqlab qoldi.
doc2.tape_1998,"1998. My sign is sealed into the vault beside Strand's mark. My sign is on his old film. The booth answers to my reels, in the order I made them. If I do not come back, the way down is inside.","1998. Мой знак запечатан в хранилище рядом со знаком Странда. Мой знак — на его старом фильме. Кинобудка отвечает моим катушкам — в том порядке, в каком я их записала. Если я не вернусь, путь вниз — внутри.","1998. Belgim seyfxonaga Strand belgisi yoniga muhrlangan. Belgim uning eski filmida bor. Kinobudka gʻaltaklarimga ularni yozgan tartibimda javob beradi. Agar qaytmasam, pastga yoʻl ichkarida."
film.1,"Meridian Institute, 1979. The Array Hall.","Институт «Меридиан», 1979. Зал Решётки.","«Meridian» instituti, 1979. Panjara zali."
film.2,Professor Strand demonstrates light memory.,Профессор Странд демонстрирует световую память.,Professor Strand yorugʻlik xotirasini namoyish etmoqda.
film.3,Forty-one of us. The whole staff.,Сорок один человек. Весь персонал.,Qirq bir kishimiz. Butun xodimlar.
film.4,Dr. Rahimova draws her sign on the light glass.,Д-р Рахимова рисует свой знак на световом стекле.,Dr. Rahimova yorugʻlik oynasiga oʻz belgisini chizmoqda.
film.secret,"13 November 1979. Strand, alone: ""If the Array keeps them, I will be with them. Forgive me, Leyla.""","13 ноября 1979. Странд, один: «Если Решётка сохранит их, я буду с ними. Прости меня, Лейла».","1979-yil 13-noyabr. Strand, yolgʻiz: «Agar Panjara ularni saqlab qolsa, men ular bilan boʻlaman. Meni kechir, Leyla»."
cap2.vault_reel,"The Array Hall. Forty-one silhouettes in the light. And a forty-second at the edge of the frame: Leyla, 1998.","Зал Решётки. Сорок один силуэт в свете. И сорок второй на краю кадра: Лейла, 1998.","Panjara zali. Yorugʻlikda qirq bitta siluet. Kadr chetida esa qirq ikkinchisi: Leyla, 1998."
echo2.catalogue,An archivist files a card that no one will ever read.,"Архивистка ставит на место карточку, которую уже никто не прочтёт.",Arxivchi ayol hech kim oʻqimaydigan kartochkani joyiga qoʻyadi.
echo2.stacks,Two scientists argue in silence over a blueprint.,Двое учёных беззвучно спорят над чертежом.,Ikki olim chizma ustida jimgina bahslashmoqda.
echo2.booth,"Strand threads a reel, smiling at someone you cannot see.","Странд заправляет плёнку и улыбается кому-то, кого вы не видите.","Strand lentani oʻrnatib, siz koʻrmaydigan kimgadir jilmayadi."
ui.choice_keys_prompt,Two keys rest on the velvet. Lifting one will lock the other.,"На бархате лежат два ключа. Если поднять один, другой запрётся.","Baxmalda ikki kalit yotibdi. Birini olsangiz, ikkinchisi qulflanadi."
ui.take_strand_key,Strand's key,Ключ Странда,Strandning kaliti
ui.take_leyla_key,Leyla's key,Ключ Лейлы,Leylaning kaliti
ui.echoes,Kept echoes,Сохранённое эхо,Saqlangan aks-sadolar
epi2.42nd,She went in after them.,Она ушла за ними.,U ularning ortidan ketgan.
epi2.strand_key,"You take Strand's key. Somewhere below, the Array Hall waits.",Вы берёте ключ Странда. Где-то внизу ждёт зал Решётки.,Strandning kalitini oldingiz. Pastda qayerdadir Panjara zali kutmoqda.
epi2.leyla_key,You take Leyla's key. Her way down leads through the crystal vaults.,Вы берёте ключ Лейлы. Её путь вниз ведёт через кристальные хранилища.,Leylaning kalitini oldingiz. Uning pastga yoʻli billur omborlari orqali oʻtadi.
epi2.echoes,Three kept echoes walk free tonight.,Этой ночью три сохранённых эха обрели свободу.,Bu tun uchta saqlangan aks-sado ozod boʻldi.
epi2.recorder,"Somewhere below, a recorder clicks on.",Где-то внизу щёлкает и включается магнитофон.,Pastda qayerdadir magnitofon chiq etib yoqildi.
achv.echoes_of_the_archive,Echoes of the Archive,Эхо архива,Arxiv aks-sadolari
hint.notebook.1,Someone left a notebook behind.,Кто-то оставил блокнот.,Kimdir daftar qoldirib ketgan.
hint.notebook.2,Look at the desk under the window.,Посмотрите на стол под окном.,Deraza ostidagi stolga qarang.
hint.notebook.3,"Tap the desk, then take Leyla's notebook.",Нажмите на стол и возьмите блокнот Лейлы.,Stolga bosing va Leylaning daftarini oling.
hint.drawer.1,Leyla wrote about a moment she must never forget.,"Лейла писала о мгновении, которое нельзя забыть.",Leyla hech qachon unutmasligi kerak boʻlgan lahza haqida yozgan.
hint.drawer.2,The clock on her desk stopped at that very moment.,Часы на её столе остановились именно в это мгновение.,Uning stolidagi soat aynan oʻsha lahzada toʻxtagan.
hint.drawer.3,Set the drawer wheels to 0-3-1-7.,Установите колёса ящика на 0-3-1-7.,Tortma gʻildiraklarini 0-3-1-7 ga qoʻying.
hint.take_lamp.1,The drawer is open.,Ящик открыт.,Tortma ochiq.
hint.take_lamp.2,Something is lying inside the drawer.,В ящике что-то лежит.,Tortma ichida nimadir yotibdi.
hint.take_lamp.3,Tap the lamp inside the drawer to take it.,"Нажмите на лампу в ящике, чтобы взять её.",Olish uchun tortmadagi chiroqqa bosing.
hint.gearbox.1,Strand's box: each knob drags a neighbour along.,Шкатулка Странда: каждая ручка тянет за собой соседа.,Strandning qutichasi: har bir murvat qoʻshnisini ham aylantiradi.
hint.gearbox.2,Bring every gear's pointer to the mark at the back. Count how far each one is.,"Наведите стрелки всех шестерней на метку сзади. Посчитайте, сколько шагов до неё.",Har bir gʻildirak koʻrsatkichini orqadagi belgiga keltiring. Har biri necha qadam uzoqligini sanang.
hint.gearbox.3,"Press the left knob 2 times, the middle knob 1 time, the right knob 3 times.","Нажмите левую ручку 2 раза, среднюю — 1 раз, правую — 3 раза.","Chap murvatni 2 marta, oʻrtadagini 1 marta, oʻngdagini 3 marta bosing."
hint.take_cell.1,The gear box is open.,Шкатулка открыта.,Quticha ochiq.
hint.take_cell.2,Leyla kept something for her lamp inside it.,Лейла хранила в ней кое-что для лампы.,Leyla uning ichida chirogʻi uchun nimanidir saqlagan.
hint.take_cell.3,Tap the battery cell inside the box.,Нажмите на батарею в шкатулке.,Quticha ichidagi batareyaga bosing.
hint.lamp.1,The lamp is dead.,Лампа не работает.,Chiroq ishlamayapti.
hint.lamp.2,Its battery bay fits something you carry.,К её отсеку подойдёт кое-что из ваших вещей.,Uning batareya joyiga yoningizdagi bir narsa mos keladi.
hint.lamp.3,"Select the UV lamp, press Combine, then tap the battery cell.","Выберите УФ-лампу, нажмите «Объединить», затем батарею.","UB chiroqni tanlang, «Birlashtirish»ni bosing, soʻng batareyani tanlang."
hint.cipher.1,One page of the notebook looks empty.,Одна страница блокнота кажется пустой.,Daftarning bir sahifasi boʻsh koʻrinadi.
hint.cipher.2,Some inks only show under ultraviolet light.,Некоторые чернила видны только в ультрафиолете.,Ayrim siyohlar faqat ultrabinafsha nurda koʻrinadi.
hint.cipher.3,Open the notebook at the blank page and press the UV button.,Откройте блокнот на пустой странице и нажмите кнопку УФ.,Daftarni boʻsh sahifada oching va UB tugmasini bosing.
hint.safe.1,The symbols on the page stand for numbers.,Символы на странице означают числа.,Sahifadagi belgilar sonlarni bildiradi.
hint.safe.2,The poster on the wall counts dots beside each symbol.,Плакат на стене показывает число точек рядом с каждым символом.,Devordagi plakat har bir belgi yonida nuqtalar sonini koʻrsatadi.
hint.safe.3,"Enter 7-2-9-4 on the safe keypad, then press the enter key (bottom right).",Введите на сейфе 7-2-9-4 и нажмите клавишу ввода (внизу справа).,Seyf tugmalarida 7-2-9-4 ni tering va kiritish tugmasini bosing (pastki oʻngda).
hint.take_safe.1,The safe is open.,Сейф открыт.,Seyf ochiq.
hint.take_safe.2,Everything inside will be useful.,"Всё, что внутри, пригодится.",Ichidagi hamma narsa asqotadi.
hint.take_safe.3,"Take the key, the lens, the letter and the valve from the safe.","Возьмите из сейфа ключ, линзу, письмо и лампу.","Seyfdan kalit, linza, maktub va radiolampani oling."
hint.compartment.1,“Where only my lamp can show the way.”,"«Туда, куда дорогу укажет только моя лампа».",«Faqat chirogʻim yoʻl koʻrsata oladigan joyga».
hint.compartment.2,Shine the UV lamp along Leyla's desk.,Посветите УФ-лампой вдоль стола Лейлы.,Leylaning stoli boʻylab UB chiroq bilan yoriting.
hint.compartment.3,"Shine UV on the right side of the desk, then press the carved rosette.",Посветите УФ на правую боковину стола и нажмите на резную розетку.,Stolning oʻng yon tomonini UB bilan yoriting va oʻyma gul naqshni bosing.
hint.key.1,A keyhole has appeared.,Появилась замочная скважина.,Kalit teshigi paydo boʻldi.
hint.key.2,The safe held a small brass key.,В сейфе был маленький латунный ключ.,Seyfda kichkina jez kalit bor edi.
hint.key.3,Select the brass key and tap the keyhole in the desk.,Выберите латунный ключ и нажмите на скважину в столе.,Jez kalitni tanlang va stoldagi kalit teshigiga bosing.
hint.take_handle.1,The hidden compartment is open.,Тайник открыт.,Yashirin boʻlma ochiq.
hint.take_handle.2,Leyla hid something important inside.,Лейла спрятала там нечто важное.,Leyla uning ichiga muhim narsa yashirgan.
hint.take_handle.3,Take the breaker handle (and the photograph) from the compartment.,Возьмите из тайника рукоять рубильника (и фотографию).,Boʻlmadan uzgich dastasini (va suratni) oling.
hint.handle.1,The main breaker can't be moved.,Главный рубильник не двигается.,Asosiy uzgich qimirlamaydi.
hint.handle.2,Its handle is missing — you have it.,У него нет рукояти — она у вас.,Uning dastasi yoʻq — u sizda.
hint.handle.3,Select the breaker handle and tap the main lever on Panel 7.,Выберите рукоять и нажмите на главный рычаг щита 7.,Uzgich dastasini tanlang va 7-paneldagi asosiy richagga bosing.
hint.circuits.1,Leyla listed which lines must be live.,"Лейла записала, какие линии должны быть под током.",Leyla qaysi liniyalar tok ostida boʻlishi kerakligini yozib qoldirgan.
hint.circuits.2,"LOCK, LIGHT and ARRAY on; VENT off. Follow the copper traces from each switch to the lamps.","ЗАМОК, СВЕТ и РЕШЁТКА — вкл., ВЕНТИЛЯЦИЯ — выкл. Проследите медные дорожки от переключателей к лампам.","QULF, YORUGʻLIK va PANJARA yoqilgan, SHAMOLLATISH oʻchiq. Har bir ulagichdan lampalargacha mis yoʻlakchalarni kuzating."
hint.circuits.3,"Raise switches I, II and III only, then raise the main lever.","Поднимите только переключатели I, II и III, затем главный рычаг.","Faqat I, II va III ulagichlarni koʻtaring, soʻng asosiy richagni koʻtaring."
hint.valve.1,The radio is silent.,Радио молчит.,Radio jim.
hint.valve.2,Open its hatch: a valve is missing.,Откройте крышку: не хватает лампы.,Qopqogʻini oching: lampa yetishmayapti.
hint.valve.3,Select the radio valve from the safe and tap the radio.,Выберите радиолампу из сейфа и нажмите на радио.,Seyfdan olingan radiolampani tanlang va radioga bosing.
hint.tune.1,Strand left his beacon's band on his board.,Странд оставил на доске волну своего маяка.,Strand mayogʻining toʻlqinini dokasida qoldirgan.
hint.tune.2,The chalkboard says λ = 41 m. The radio dial is marked in metres too.,На доске написано λ = 41 м. Шкала радио тоже размечена в метрах.,Dokada λ = 41 m deb yozilgan. Radio shkalasi ham metrlarda belgilangan.
hint.tune.3,Drag the knob (or tap its left side) until the needle sits on 41 m.,"Крутите ручку пальцем (или нажимайте её левую сторону), пока стрелка не встанет на 41 м.","Murvatni barmoq bilan buring (yoki chap tomoniga bosing), koʻrsatkich 41 m ga kelsin."
hint.books.1,The beacon repeats three numbers.,Маяк повторяет три числа.,Mayoq uchta sonni takrorlaydi.
hint.books.2,"Count its pulses: 2, 6, 3. Leyla's encyclopedia “remembers them”.","Посчитайте импульсы: 2, 6, 3. Энциклопедия Лейлы «их помнит».","Impulslarni sanang: 2, 6, 3. Leylaning ensiklopediyasi «ularni eslaydi»."
hint.books.3,"Pull volumes II, VI, then III.","Потяните тома II, VI, затем III.","II, VI, soʻng III jildlarni torting."
hint.shadow.1,The wall shows the Institute's mark.,На стене — знак института.,Devorda institut belgisi bor.
hint.shadow.2,Make the sculpture's shadow draw it: a full ring and a straight line.,"Сделайте так, чтобы тень скульптуры нарисовала его: полное кольцо и прямую линию.",Haykalcha soyasi uni chizsin: toʻliq halqa va toʻgʻri chiziq.
hint.shadow.3,"Turn the ring until it faces the lamp, and the rod until it stands upright.","Поворачивайте кольцо, пока оно не встанет к лампе, а стержень — пока не станет вертикальным.","Halqani chiroqqa yuzlanguncha, sterjenni esa tik turguncha buring."
hint.take_mirror.1,The cabinet is open.,Шкафчик открыт.,Javoncha ochiq.
hint.take_mirror.2,Strand's mirror is inside.,Внутри — зеркало Странда.,Ichida Strandning koʻzgusi bor.
hint.take_mirror.3,Tap the round mirror to take it.,"Нажмите на круглое зеркало, чтобы взять его.",Olish uchun dumaloq koʻzguga bosing.
hint.record.1,“The crystal remembers what falls on it.”,"«Кристалл помнит то, что на него падает».",«Billur ustiga tushgan narsani eslab qoladi».
hint.record.2,The mark's socket fits the crystal lens.,Гнездо в центре знака подходит для кристаллической линзы.,Belgi markazidagi uyaga billur linza mos keladi.
hint.record.3,Place the crystal lens in the socket while the shadow forms the mark.,"Вставьте линзу в гнездо, пока тень образует знак.",Soya belgini hosil qilib turganda billur linzani uyaga qoʻying.
hint.retrieve_lens.1,The crystal has remembered the mark.,Кристалл запомнил знак.,Billur belgini eslab qoldi.
hint.retrieve_lens.2,Now it must travel with the light.,Теперь он должен отправиться вместе со светом.,Endi u yorugʻlik bilan birga yoʻlga chiqishi kerak.
hint.retrieve_lens.3,Tap the socket to take the lens back.,"Нажмите на гнездо, чтобы забрать линзу.",Linzani qaytarib olish uchun uyaga bosing.
hint.lens.1,The projector's socket is empty.,Гнездо проектора пусто.,Proyektor uyasi boʻsh.
hint.lens.2,The crystal lens fits it.,Туда подходит кристаллическая линза.,Unga billur linza mos keladi.
hint.lens.3,Select the crystal lens and tap the projector.,Выберите линзу и нажмите на проектор.,Billur linzani tanlang va proyektorga bosing.
hint.projector.1,Strand's letter tells how to tune it.,"Письмо Странда говорит, как его настроить.",Strandning maktubi uni qanday sozlashni aytadi.
hint.projector.2,“The heaviest first.” Compare the samples' density (ρ).,«Начиная с самого тяжёлого». Сравните плотность (ρ) образцов.,«Eng ogʻiridan boshlab». Namunalarning zichligini (ρ) solishtiring.
hint.projector.3,"Set the rings to crimson, cobalt, green — then pull the lever.","Установите кольца: малиновый, кобальтовый, зелёный — и потяните рычаг.","Halqalarni toʻq qizil, kobalt, yashilga qoʻying — soʻng richagni torting."
hint.mount_mirror.1,One mirror stand is empty.,Одна зеркальная стойка пуста.,Bitta koʻzgu tirgagi boʻsh.
hint.mount_mirror.2,You carry Strand's round mirror.,У вас есть круглое зеркало Странда.,Sizda Strandning dumaloq koʻzgusi bor.
hint.mount_mirror.3,Select the round mirror and tap the empty stand near the door.,Выберите зеркало и нажмите на пустую стойку у двери.,Dumaloq koʻzguni tanlang va eshik yonidagi boʻsh tirgakka bosing.
hint.mirrors.1,The door has a glass eye made for light.,У двери есть стеклянный глаз — для света.,Eshikning yorugʻlik uchun shisha koʻzi bor.
hint.mirrors.2,Each tap turns a mirror one notch (45°). Guide the beam around the room.,Каждое нажатие поворачивает зеркало на одно деление (45°). Проведите луч по комнате.,Har bosish koʻzguni bir pogʻona (45°) buradi. Nurni xona boʻylab yoʻnaltiring.
hint.mirrors.3,First stand: send the beam toward the window wall. Second stand: send it into the door's eye.,Первая стойка: направьте луч к стене с окном. Вторая — в глаз двери.,Birinchi tirgak: nurni deraza devoriga yoʻnaltiring. Ikkinchisi: eshik koʻziga.
hint.finale.1,The way is open.,Путь открыт.,Yoʻl ochiq.
hint.finale.2,Leyla's light is fading.,Свет Лейлы угасает.,Leylaning nuri soʻnmoqda.
hint.finale.3,Make your choice.,Сделайте выбор.,Tanlov qiling.
hint.c2_catalogue.1,Leyla's badge carries a number.,На пропуске Лейлы есть номер.,Leylaning nishonida raqam bor.
hint.c2_catalogue.2,The catalogue drawers are numbered by the first two digits.,Ящики картотеки пронумерованы по первым двум цифрам.,Kartoteka tortmalari dastlabki ikki raqam boʻyicha raqamlangan.
hint.c2_catalogue.3,"Drawer 04, divider 1–, card 17.","Ящик 04, разделитель 1–, карточка 17.","04-tortma, 1– ajratgich, 17-kartochka."
hint.c2_compressor.1,The tube station is dead: there is no pressure.,Станция пневмопочты не работает: нет давления.,Pnevmatik pochta ishlamayapti: bosim yoʻq.
hint.c2_compressor.2,The plate shows which valve feeds which gauge. Both needles need their green marks.,"Табличка показывает, какой вентиль питает какой манометр. Обе стрелки должны встать на зелёные метки.",Lavhada qaysi ventil qaysi manometrga ulangani koʻrsatilgan. Ikkala mil ham yashil belgiga kelishi kerak.
hint.c2_compressor.3,"Valves: A 1, B 2, C 2.","Вентили: A 1, B 2, C 2.","Ventillar: A 1, B 2, C 2."
hint.c2_punch.1,The stacks only answer punched requests.,Хранилище отвечает только на пробитые запросы.,Fond faqat teshilgan soʻrovlarga javob beradi.
hint.c2_punch.2,Take a blank card from the station tray and copy the index card's notches with the punch.,Возьмите чистый бланк из лотка станции и перенесите вырезы с карточки на перфоратор.,Stansiya laganidan boʻsh karta oling va kartochkadagi kesiklarni teshgichda takrorlang.
hint.c2_punch.3,"Keys 1, 3, 4 and 7 down (1 0 1 1 0 0 1 0), then pull the lever.","Клавиши 1, 3, 4 и 7 вниз (1 0 1 1 0 0 1 0), затем рычаг.","1, 3, 4 va 7-tugmalarni bosing (1 0 1 1 0 0 1 0), soʻng dastakni torting."
hint.c2_dispatch.1,Requests travel by tube.,Запросы путешествуют по трубам.,Soʻrovlar quvur orqali yuboriladi.
hint.c2_dispatch.2,The chart on the wall shows where request cards go.,"Схема на стене показывает, куда отправлять бланки.",Devordagi sxema soʻrov kartalari qayerga ketishini koʻrsatadi.
hint.c2_dispatch.3,"Card in the canister, dial on the book, pull the lever.","Карту в капсулу, диск на книгу, потяните рычаг.","Kartani kapsulaga soling, diskni kitobga qoʻying, dastakni torting."
hint.c2_take_file.1,The canister came back.,Капсула вернулась.,Kapsula qaytib keldi.
hint.c2_take_file.2,Open the receive tray of the tube station.,Откройте приёмный лоток станции.,Stansiyaning qabul laganini oching.
hint.c2_take_file.3,Take Leyla's file and the key from the canister.,Возьмите из капсулы дело Лейлы и ключ.,Kapsuladan Leylaning ishini va kalitni oling.
hint.c2_locker.1,Leyla's letter names a locker.,В письме Лейлы назван шкафчик.,Leyla maktubida shkafcha tilga olingan.
hint.c2_locker.2,Her file held a small key with a tag.,В её деле был маленький ключ с биркой.,Uning ishida yorliqli kichik kalit bor edi.
hint.c2_locker.3,Use the locker key on locker 9.,Используйте ключ на шкафчике 9.,Kalitni 9-shkafchada ishlating.
hint.c2_take_receiver.1,Locker 9 is open.,Шкафчик 9 открыт.,9-shkafcha ochiq.
hint.c2_take_receiver.2,Something hangs on its hook.,На крючке что-то висит.,Ilgakda nimadir osilib turibdi.
hint.c2_take_receiver.3,Take the pocket receiver.,Возьмите карманный приёмник.,Choʻntak qabul qilgichini oling.
hint.c2_hunt.1,Leyla hid her voice where her receiver can hear it.,"Лейла спрятала свой голос там, где его слышит приёмник.",Leyla ovozini qabul qilgich eshitadigan joyga yashirgan.
hint.c2_hunt.2,Select the receiver and watch its needle as you look around.,"Выберите приёмник и следите за стрелкой, осматриваясь.",Qabul qilgichni tanlang va atrofga qaraganda milini kuzating.
hint.c2_hunt.3,"Vent grille on the west wall, hollow ledger in the stacks, floor hatch near the reading table.","Решётка на западной стене, полый гроссбух на стеллаже, люк у читального стола.","Gʻarbiy devordagi panjara, javondagi kovak daftar, mutolaa stoli yonidagi lyuk."
hint.c2_tape.1,The reels need a player.,Катушкам нужен магнитофон.,Gʻaltaklarga magnitofon kerak.
hint.c2_tape.2,The archivist's deck plays them. Match the speed written on the reels.,"Их проигрывает магнитофон архивариуса. Выставьте скорость, указанную на катушках.",Ularni arxivchining magnitofoni qoʻyadi. Gʻaltakda yozilgan tezlikni tanlang.
hint.c2_tape.3,"Speed 4.75, a reel on the deck, press Play. Do it for all three.","Скорость 4.75, катушку на магнитофон, нажмите «Пуск». Для всех трёх.","Tezlik 4.75, gʻaltakni magnitofonga qoʻying, «Play»ni bosing. Uchalasi uchun."
hint.c2_booth.1,The booth door has a dial.,На двери кинобудки есть диск.,Kinobudka eshigida disk bor.
hint.c2_booth.2,"""The booth answers to my reels, in the order I made them."" Count each reel's clicks.","«Кинобудка отвечает моим катушкам — в том порядке, в каком я их записала». Сосчитайте щелчки.",«Kinobudka gʻaltaklarimga ularni yozgan tartibimda javob beradi». Chiqillashlarni sanang.
hint.c2_booth.3,"Dial 2, 8, 5.","Наберите 2, 8, 5.","2, 8, 5 ni tering."
hint.c2_splice.1,The film is in pieces.,Плёнка разорвана на кусочки.,Lenta boʻlaklarga boʻlingan.
hint.c2_splice.2,The can's lid shows the day running from dawn to noon. Shadows shorten.,На крышке коробки день идёт от рассвета к полудню. Тени укорачиваются.,Quti qopqogʻida kun tongdan tushgacha davom etadi. Soyalar qisqaradi.
hint.c2_splice.3,Order the frames from the longest shadow to the shortest.,Расположите кадры от самой длинной тени к самой короткой.,Kadrlarni eng uzun soyadan eng qisqasigacha joylang.
hint.c2_take_reel.1,The reel is whole again.,Бобина снова цела.,Bobina yana butun.
hint.c2_take_reel.2,It is still on the splicer.,Она ещё на склеечном прессе.,U hali yelimlagichda.
hint.c2_take_reel.3,Take the film reel.,Возьмите бобину.,Bobinani oling.
hint.c2_project.1,Strand's film wants a projector.,Фильму Странда нужен проектор.,Strandning filmiga proyektor kerak.
hint.c2_project.2,Thread the reel and pull the run lever.,Заправьте плёнку и потяните рычаг пуска.,Lentani oʻrnating va ishga tushirish dastagini torting.
hint.c2_project.3,"Use the reel on the projector, then pull the lever.","Используйте бобину на проекторе, затем рычаг.","Bobinani proyektorda ishlating, soʻng dastakni torting."
hint.c2_take_crystal.1,The booth keeps something for the light.,В кинобудке есть кое-что для света.,Kinobudkada yorugʻlik uchun nimadir bor.
hint.c2_take_crystal.2,A velvet case lies on the shelf.,На полке лежит бархатный футляр.,Tokchada baxmal quti yotibdi.
hint.c2_take_crystal.3,Take a blank crystal from the lens case.,Возьмите чистый кристалл из футляра.,Qutidan boʻsh billur oling.
hint.c2_focus.1,The picture on the screen is blurred.,Изображение на экране размыто.,Ekrandagi tasvir xira.
hint.c2_focus.2,Turn the projector's focus ring.,Поверните кольцо фокуса проектора.,Proyektorning fokus halqasini buring.
hint.c2_focus.3,Focus to the middle mark (5).,Фокус на среднюю метку (5).,Fokusni oʻrta belgiga (5) qoʻying.
hint.c2_record_sign.1,"""The crystal remembers what falls on it.""","«Кристалл помнит то, что на него падает».",«Billur ustiga tushgan narsani eslab qoladi».
hint.c2_record_sign.2,"The screen frame has a socket for a crystal. Show only her sign, sharp.","На раме экрана есть гнездо для кристалла. Покажите только её знак, чётко.",Ekran romida billur uchun uyacha bor. Faqat uning belgisini aniq koʻrsating.
hint.c2_record_sign.3,Hold the last frame in focus and seat a blank crystal in the screen socket.,Остановитесь на последнем кадре в фокусе и вставьте чистый кристалл в гнездо экрана.,Oxirgi kadrni aniq holda toʻxtating va boʻsh billurni ekran uyachasiga qoʻying.
hint.c2_mark.1,Leyla's echo pointed somewhere.,Эхо Лейлы на что-то указало.,Leylaning aks-sadosi nimanidir koʻrsatdi.
hint.c2_mark.2,"The slide cabinet, the drawer with the star. Use the slide projector with the film projector off.","Шкаф для слайдов, ящик со звездой. Диапроектор — при выключенном кинопроекторе.","Slaydlar javoni, yulduzli tortma. Kinoproyektor oʻchiq holda diaproyektordan foydalaning."
hint.c2_mark.3,"Emblem slide in the slide projector, meridian upright, film lamp off, blank crystal in the socket.","Слайд в диапроектор, меридиан вертикально, лампа кинопроектора выключена, чистый кристалл в гнездо.","Slaydni diaproyektorga, meridianni tik, kinoproyektor chirogʻini oʻchiring, boʻsh billurni uyachaga."
hint.c2_ports.1,The vault door has two lenses.,На двери хранилища две линзы.,Seyfxona eshigida ikkita linza bor.
hint.c2_ports.2,"The plates show which mark goes where: the star on the left, the crescent on the right.","Таблички показывают, где какой знак: звезда слева, полумесяц справа.","Lavhalar qaysi belgi qayerga ekanini koʻrsatadi: yulduz chapda, yarim oy oʻngda."
hint.c2_ports.3,"Strand's mark crystal in the left port, Leyla's sign crystal in the right.","Кристалл со знаком Странда — в левый порт, со знаком Лейлы — в правый.","Strand belgili billur chap portga, Leyla belgili billur oʻng portga."
hint.c2_align.1,Match the faint engraving on the glass.,Совместите изображения с бледной гравировкой на стекле.,Tasvirlarni shishadagi xira oʻyma bilan moslang.
hint.c2_align.2,"The mark stands upright. The sign lies on its side inside the ring, smaller.",Знак стоит вертикально. Полумесяц лежит на боку внутри кольца и меньше.,Belgi tik turadi. Yarim oy halqa ichida yonboshlab yotadi va kichikroq.
hint.c2_align.3,"Left collar upright, right collar 2 steps, zoom 3.","Левое кольцо вертикально, правое на 2 шага, масштаб 3.","Chap halqa tik, oʻng halqa 2 qadam, kattalik 3."
hint.c2_wheel.1,The bolts are free.,Засовы свободны.,Zulfinlar boʻshadi.
hint.c2_wheel.2,Turn the vault wheel.,Поверните штурвал хранилища.,Seyfxona gʻildiragini buring.
hint.c2_wheel.3,Tap the wheel three times.,Нажмите на штурвал три раза.,Gʻildirakka uch marta bosing.
hint.c2_finale.1,Two keys. You may take only one.,Два ключа. Взять можно только один.,Ikki kalit. Faqat bittasini olish mumkin.
hint.c2_finale.2,Strand's key opens the Array Hall. Leyla's opens the crystal vaults.,"Ключ Странда открывает зал Решётки, ключ Лейлы — кристальные хранилища.","Strandning kaliti Panjara zalini, Leylaniki billur omborlarini ochadi."
hint.c2_finale.3,Choose.,Выбирайте.,Tanlang.
